﻿Designator,Footprint,Quantity,Value,LCSC Part #
"@HOLE0, @HOLE1, @HOLE2, @HOLE3",,4,,
C1,C050-024X044,1,.22uf,
"CV0, EXP_FM1, LIN-FM-IN0, PULSE0, PWM-MOD-IN0, RAMP0, SINE0, SYNC0, TRIANGLE0",Jack_3.5mm_QingPu_WQP-PJ398SM_Vertical,9,PJ301BMPJ301BM,
"EXP-FM-ATTN0, FINE0, INIT-PWM0, LIN-FM-ATTN0, PWM-MOD-ATTN0",EVUF,5,100k,
JP2,PinHeader_1x06_P2.54mm_Vertical,1,PINHD-1X6,
"JP3, JP4_2",1X03,2,PINHD-1X3,
JP4,1X03,1,,
"R1, R3, R4",0805,3,100k,
"R10, R11, R12, R5, R6, R7, R8, R9",0805,8,1k,
R13,0805,1,1k2,
R14,0805,1,10k,
R15,0805,1,5k6,
R16,0805,1,330k,
R2,0805,1,3.3M,
RV2,Potentiometer_Bourns_3296X_Horizontal,1,R_10k_Trim,
U1,RS16_8PST_Rotary_Switch,1,~,
U3,SOT-23,1,TL431DBZ,
